context,user,character
"context","user","character"
"context","user","character"
"context","user","character"
"context","user","character"
"context","user","character"
"context","user","character"
"context","user","character"
"context","user","character"
"context","user","character"
"context","user","character"
"context","user","character"
"context","user","character"
"context","user","character"
"context","user","character"
"context","user","character"
"context","user","character"
"context","user","character"
"context","user","character"
"context","user","character"
"context","user","character"
"context","user","character"
"context","user","character"
"context","user","character"
"context","user","character"
"context","user","character"
"context","user","character"
"context","user","character"
"context","user","character"
"context","user","character"
"context","user","character"
"context","user","character"
"context","user","character"
"context","user","character"
"context","user","character"
"context","user","character"
"context","user","character"
"context","user","character"
"context","user","character"
"context","user","character"
"context","user","character"
"context","user","character"
"context","user","character"
"context","user","character"
"context","user","character"
"context","user","character"
"context","user","character"
"context","user","character"
"context","user","character"
"context","user","character"
"context","user","character"
"context","user","character"
"context","user","character"
"context","user","character"
"context","user","character"
"context","user","character"
"context","user","character"
"context","user","character"
"context","user","character"
"context","user","character"
"context","user","character"
"context","user","character"
"context","user","character"
"context","user","character"
"context","user","character"
"context","user","character"
"context","user","character"
"context","user","character"
"context","user","character"
"context","user","character"
"context","user","character"
"context","user","character"
"context","user","character"
"context","user","character"
"context","user","character"
"context","user","character"
"context","user","character"
"context","user","character"
"context","user","character"
"context","user","character"
"context","user","character"
"context","user","character"
"context","user","character"
"context","user","character"
"context","user","character"
"context","user","character"
"context","user","character"
"context","user","character"
"context","user","character"
"context","user","character"
"context","user","character"
"context","user","character"
"context","user","character"
"context","user","character"
"context","user","character"
"context","user","character"
"context","user","character"
"context","user","character"
"context","user","character"
"context","user","character"
"context","user","character"
"context","user","character"
"context","user","character"
"context","user","character"
"context","user","character"
"context","user","character"
"context","user","character"
"context","user","character"
"context","user","character"
"context","user","character"
"context","user","character"
"context","user","character"
"context","user","character"
"context","user","character"
"context","user","character"
"context","user","character"
"context","user","character"
"context","user","character"
"context","user","character"
"context","user","character"
"context","user","character"
"context","user","character"
"context","user","character"
"context","user","character"
"context","user","character"
"context","user","character"
"context","user","character"
"context","user","character"
"context","user","character"
"context","user","character"
"context","user","character"
"context","user","character"
"context","user","character"
"context","user","character"
"context","user","character"
"context","user","character"
"context","user","character"
"context","user","character"
"context","user","character"
"context","user","character"
"context","user","character"
"context","user","character"
"context","user","character"
"context","user","character"
"context","user","character"
"context","user","character"
"context","user","character"
"context","user","character"
"context","user","character"
"context","user","character"
"context","user","character"
"context","user","character"
"context","user","character"
"context","user","character"
"context","user","character"
"context","user","character"
"context","user","character"
"context","user","character"
"context","user","character"
"context","user","character"
"context","user","character"
"context","user","character"
"context","user","character"
"context","user","character"
"context","user","character"
"context","user","character"
"context","user","character"
"context","user","character"
"context","user","character"
"context","user","character"
"context","user","character"
"context","user","character"
"context","user","character"
"context","user","character"
"context","user","character"
"context","user","character"
"context","user","character"
"context","user","character"
"context","user","character"
"context","user","character"
"context","user","character"
"context","user","character"
"context","user","character"
"context","user","character"
"context","user","character"
"context","user","character"
"context","user","character"
"context","user","character"
"context","user","character"
"context","user","character"
"context","user","character"
"context","user","character"
"context","user","character"
